<?xml version="1.0" encoding="UTF-8" standalone="yes"?>
<addon id="repository.quapori" name="[B]Quapori Repository[/B]" version="1.0" provider-name="Cornadius">
	<extension point="xbmc.addon.repository" name="Quapori repository">
		<info compressed="false"></info>
		<checksum></checksum>
		<datadir zip="true"></datadir>
	</extension>
	  <extension point="xbmc.addon.metadata">
		<summary lang="en">Quapori Repository</summary>
		<description lang="en">Quapori is a skin for Kodi 17.0 and above.</description>
		<description lang="de_DE">Quapori ist ein Skin für Kodi 17.0 und höher.</description>
		<platform>all</platform>
		<forum></forum>
		<website>https://streamhelp.org/</website>
	  <assets>
		<icon>icon.png</icon>
	  </assets>
	  </extension>
</addon>