<?xml version="1.0" encoding="UTF-8"?>
<addon id="skin.quapori" version="0.0.01" name="Quapori" provider-name="Cornadius">
	<requires>
		<import addon="xbmc.gui" version="5.12.0"/>
		<import addon="script.skin.helper.service" version="1.1.3"/>
		<import addon="script.skin.helper.widgets" version="1.0.22"/>
	</requires>
	<extension point="xbmc.gui.skin" debugging="false">
		<res width="1920" height="1440" aspect="4:3" default="false" folder="xml" />
		<res width="1920" height="1280" aspect="3:2" default="false" folder="xml" />
		<res width="1920" height="1200" aspect="16:10" default="false" folder="xml" />
		<res width="1920" height="1080" aspect="16:9" default="true" folder="xml" />
		<res width="2560" height="1080" aspect="21:9" default="false" folder="xml" />
	</extension>
	<extension point="xbmc.addon.metadata">
		<summary lang="de_DE">Quapori Skin von Cornadius.</summary>
		<description lang="de_DE">Quapori ist ein Skin für Kodi 17.0 und höher. Ziel war es, einen einfach zu bedienenden Skin für neue Kodi-Benutzer zu entwickeln.</description>
		<disclaimer lang="de_DE">Quapori ist ein Skin für Kodi.</disclaimer>
		<platform>all</platform>
		<license>CC BY-SA 4.0, GNU GENERAL PUBLIC LICENSE Version 2.0</license>
		<forum></forum>
		<source>https://github.com/Cornadius/skin.quapori/</source>
		<assets>
			<icon>resources/icon.png</icon>
			<fanart>resources/fanart.jpg</fanart>
			<screenshot>resources/screenshot-01.jpg</screenshot>
			<screenshot>resources/screenshot-02.jpg</screenshot>
		</assets>
	</extension>
</addon>
